id,title ,image_link ,country ,years ,director_description,leader,star ,description,tags,
1,肖申克的救赎,https://img3.doubanio.com/view/photo/s_ratio_poster/public/p480747492.jpg,美国,1994,美国,1950398人评价,9.7,希望让人自由。,犯罪/剧情,
2,霸王别姬,https://img3.doubanio.com/view/photo/s_ratio_poster/public/p2561716440.jpg,中国大陆 中国香港,1993,中国大陆 中国香港,1437905人评价,9.6,风华绝代。,剧情/爱情/同性,
3,阿甘正传,https://img9.doubanio.com/view/photo/s_ratio_poster/public/p1484728154.jpg,美国,1994,美国,1480488人评价,9.5,一部美国近现代史。,剧情/爱情,
4,这个杀手不太冷,https://img3.doubanio.com/view/photo/s_ratio_poster/public/p511118051.jpg,法国,1994,法国,1674906人评价,9.4,怪蜀黍和小萝莉不得不说的故事。,剧情/动作/犯罪,
5,美丽人生,https://img3.doubanio.com/view/photo/s_ratio_poster/public/p2578474613.jpg,意大利,1997,意大利,935762人评价,9.5,最美的谎言。,剧情/喜剧/爱情/战争,
6,泰坦尼克号,https://img9.doubanio.com/view/photo/s_ratio_poster/public/p457760035.jpg,美国,1997,美国,1427433人评价,9.4,失去的才是永恒的。 ,剧情/爱情/灾难,
7,千与千寻,https://img1.doubanio.com/view/photo/s_ratio_poster/public/p2557573348.jpg,日本,2001,日本,1525378人评价,9.3,最好的宫崎骏，最好的久石让。 ,剧情/动画/奇幻,
8,辛德勒的名单,https://img3.doubanio.com/view/photo/s_ratio_poster/public/p492406163.jpg,美国,1993,美国,755709人评价,9.5,拯救一个人，就是拯救整个世界。,剧情/历史/战争,
9,盗梦空间,https://img9.doubanio.com/view/photo/s_ratio_poster/public/p513344864.jpg,美国 英国,2010,美国 英国,1421758人评价,9.3,诺兰给了我们一场无法盗取的梦。,剧情/科幻/悬疑/冒险,
10,忠犬八公的故事,https://img9.doubanio.com/view/photo/s_ratio_poster/public/p524964016.jpg,美国 英国,2009,美国 英国,981564人评价,9.4,永远都不能忘记你所爱的人。,剧情,
11,海上钢琴师,https://img9.doubanio.com/view/photo/s_ratio_poster/public/p2574551676.jpg,意大利,1998,意大利,1182964人评价,9.3,每个人都要走一条自己坚定了的路，就算是粉身碎骨。 ,剧情/音乐,
12,机器人总动员,https://img3.doubanio.com/view/photo/s_ratio_poster/public/p1461851991.jpg,美国,2008,美国,938149人评价,9.3,小瓦力，大人生。,科幻/动画/冒险,
13,三傻大闹宝莱坞,https://img3.doubanio.com/view/photo/s_ratio_poster/public/p579729551.jpg,印度,2009,印度,1310972人评价,9.2,英俊版憨豆，高情商版谢耳朵。,剧情/喜剧/爱情/歌舞,
14,楚门的世界,https://img3.doubanio.com/view/photo/s_ratio_poster/public/p479682972.jpg,美国,1998,美国,1045729人评价,9.3,如果再也不能见到你，祝你早安，午安，晚安。,剧情/科幻,
15,放牛班的春天,https://img3.doubanio.com/view/photo/s_ratio_poster/public/p1910824951.jpg,法国 瑞士 德国,2004,法国 瑞士 德国,912494人评价,9.3,天籁一般的童声，是最接近上帝的存在。 ,剧情/音乐,
16,星际穿越,https://img3.doubanio.com/view/photo/s_ratio_poster/public/p2206088801.jpg,美国 英国 加拿大 冰岛,2014,美国 英国 加拿大 冰岛,1054114人评价,9.3,爱是一种力量，让我们超越时空感知它的存在。,剧情/科幻/冒险,
17,大话西游之大圣娶亲,https://img9.doubanio.com/view/photo/s_ratio_poster/public/p2455050536.jpg,中国香港 中国大陆,1995,中国香港 中国大陆,1032316人评价,9.2,一生所爱。,喜剧/爱情/奇幻/古装,
18,熔炉,https://img9.doubanio.com/view/photo/s_ratio_poster/public/p1363250216.jpg,韩国,2011,韩国,633785人评价,9.3,我们一路奋战不是为了改变世界，而是为了不让世界改变我们。,剧情,
19,疯狂动物城,https://img1.doubanio.com/view/photo/s_ratio_poster/public/p2315672647.jpg,美国,2016,美国,1226115人评价,9.2,迪士尼给我们营造的乌托邦就是这样，永远善良勇敢，永远出乎意料。,喜剧/动画/冒险,
20,无间道,https://img3.doubanio.com/view/photo/s_ratio_poster/public/p2564556863.jpg,中国香港,2002,中国香港,841043人评价,9.2,香港电影史上永不过时的杰作。,剧情/犯罪/悬疑,
21,龙猫,https://img9.doubanio.com/view/photo/s_ratio_poster/public/p2540924496.jpg,日本,1988,日本,879150人评价,9.2,人人心中都有个龙猫，童年就永远不会消失。,动画/奇幻/冒险,
22,教父,https://img9.doubanio.com/view/photo/s_ratio_poster/public/p616779645.jpg,美国,1972,美国,643384人评价,9.3,千万不要记恨你的对手，这样会让你失去理智。,剧情/犯罪,
23,当幸福来敲门,https://img1.doubanio.com/view/photo/s_ratio_poster/public/p1312700628.jpg,美国,2006,美国,1050248人评价,9.1,平民励志片。 ,剧情/传记/家庭,
24,怦然心动,https://img1.doubanio.com/view/photo/s_ratio_poster/public/p501177648.jpg,美国,2010,美国,1214535人评价,9.1,真正的幸福是来自内心深处。,剧情/喜剧/爱情,
25,触不可及,https://img9.doubanio.com/view/photo/s_ratio_poster/public/p1454261925.jpg,法国,2011,法国,686231人评价,9.2,满满温情的高雅喜剧。,剧情/喜剧,
26,蝙蝠侠：黑暗骑士,https://img3.doubanio.com/view/photo/s_ratio_poster/public/p462657443.jpg,美国 英国,2008,美国 英国,707056人评价,9.2,无尽的黑暗。,剧情/动作/科幻/犯罪/惊悚,
27,控方证人,https://img1.doubanio.com/view/photo/s_ratio_poster/public/p1505392928.jpg,美国,1957,美国,267541人评价,9.6,比利·怀德满分作品。,剧情/犯罪/悬疑,
28,活着,https://img3.doubanio.com/view/photo/s_ratio_poster/public/p2513253791.jpg,中国大陆 中国香港,1994,中国大陆 中国香港,546096人评价,9.2,张艺谋最好的电影。,剧情/历史/家庭,
29,乱世佳人,https://img3.doubanio.com/view/photo/s_ratio_poster/public/p1963126880.jpg,美国,1939,美国,469298人评价,9.3,Tomorrow is another day.,剧情/历史/爱情/战争,
30,寻梦环游记,https://img1.doubanio.com/view/photo/s_ratio_poster/public/p2503997609.jpg,美国,2017,美国,1021256人评价,9.1,死亡不是真的逝去，遗忘才是永恒的消亡。,喜剧/动画/奇幻/音乐,
31,末代皇帝,https://img3.doubanio.com/view/photo/s_ratio_poster/public/p452089833.jpg,英国 意大利 中国大陆 法国,1987,英国 意大利 中国大陆 法国,485013人评价,9.2,“不要跟我比惨，我比你更惨”再适合这部电影不过了。,剧情/传记/历史,
32,摔跤吧！爸爸,https://img9.doubanio.com/view/photo/s_ratio_poster/public/p2457983084.jpg,印度,2016,印度,1068116人评价,9.0,你不是在为你一个人战斗，你要让千千万万的女性看到女生并不是只能相夫教子。,剧情/传记/运动/家庭,
33,少年派的奇幻漂流,https://img3.doubanio.com/view/photo/s_ratio_poster/public/p1784592701.jpg,美国 中国台湾 英国 加拿大,2012,美国 中国台湾 英国 加拿大,997256人评价,9.1,瑰丽壮观、无人能及的冒险之旅。,剧情/奇幻/冒险,
34,指环王3：王者无敌,https://img3.doubanio.com/view/photo/s_ratio_poster/public/p1910825503.jpg,美国 新西兰,2003,美国 新西兰,517005人评价,9.2,史诗的终章。,剧情/动作/奇幻/冒险,
35,飞屋环游记,https://img9.doubanio.com/view/photo/s_ratio_poster/public/p485887754.jpg,美国,2009,美国,925579人评价,9.0,最后那些最无聊的事情，才是最值得怀念的。 ,剧情/喜剧/动画/冒险,
36,何以为家,https://img1.doubanio.com/view/photo/s_ratio_poster/public/p2555295759.jpg,黎巴嫩 法国 美国,2018,黎巴嫩 法国 美国,609506人评价,9.1,凝视卑弱生命，用电影改变命运。,剧情,
37,十二怒汉,https://img3.doubanio.com/view/photo/s_ratio_poster/public/p2173577632.jpg,美国,1957,美国,311772人评价,9.4,1957年的理想主义。 ,剧情,
38,鬼子来了,https://img1.doubanio.com/view/photo/s_ratio_poster/public/p2553104888.jpg,中国大陆,2000,中国大陆,427755人评价,9.2,对敌人的仁慈，就是对自己残忍。,剧情/历史/战争,
39,天空之城,https://img1.doubanio.com/view/photo/s_ratio_poster/public/p1446261379.jpg,日本,1986,日本,587663人评价,9.1,对天空的追逐，永不停止。 ,动画/奇幻/冒险,
40,大话西游之月光宝盒,https://img3.doubanio.com/view/photo/s_ratio_poster/public/p2561721372.jpg,中国香港 中国大陆,1995,中国香港 中国大陆,829264人评价,9.0,旷古烁今。,喜剧/爱情/奇幻/古装,
41,哈尔的移动城堡,https://img3.doubanio.com/view/photo/s_ratio_poster/public/p2174346180.jpg,日本,2004,日本,672333人评价,9.0,带着心爱的人在天空飞翔。,动画/奇幻/冒险,
42,素媛,https://img9.doubanio.com/view/photo/s_ratio_poster/public/p2118532944.jpg,韩国,2013,韩国,420293人评价,9.2,受过伤害的人总是笑得最开心，因为他们不愿意让身边的人承受一样的痛苦。,剧情,
43,天堂电影院,https://img1.doubanio.com/view/photo/s_ratio_poster/public/p2559577569.jpg,意大利 法国,1988,意大利 法国,465554人评价,9.2,那些吻戏，那些青春，都在影院的黑暗里被泪水冲刷得无比清晰。,剧情/爱情,
44,罗马假日,https://img9.doubanio.com/view/photo/s_ratio_poster/public/p2189265085.jpg,美国,1953,美国,678081人评价,9.0,爱情哪怕只有一天。,喜剧/剧情/爱情,
45,闻香识女人,https://img1.doubanio.com/view/photo/s_ratio_poster/public/p2550757929.jpg,美国,1992,美国,588593人评价,9.1,史上最美的探戈。,剧情,
46,辩护人,https://img9.doubanio.com/view/photo/s_ratio_poster/public/p2158166535.jpg,韩国,2013,韩国,419517人评价,9.2,电影的现实意义大过电影本身。,剧情,
47,搏击俱乐部,https://img1.doubanio.com/view/photo/s_ratio_poster/public/p1910926158.jpg,美国 德国,1999,美国 德国,615904人评价,9.0,邪恶与平庸蛰伏于同一个母体，在特定的时间互相对峙。,剧情/动作/悬疑/惊悚,
48,哈利·波特与魔法石,https://img9.doubanio.com/view/photo/s_ratio_poster/public/p2591591494.jpg,美国 英国,2001,美国 英国,624107人评价,9.0,童话世界的开端。,奇幻/冒险,
49,我不是药神,https://img9.doubanio.com/view/photo/s_ratio_poster/public/p2561305376.jpg,中国大陆,2018,中国大陆,1438742人评价,9.0,对我们国家而言，这样的电影多一部是一部。,剧情/喜剧,
50,死亡诗社,https://img3.doubanio.com/view/photo/s_ratio_poster/public/p2575465690.jpg,美国,1989,美国,482702人评价,9.1,当一个死水般的体制内出现一个活跃的变数时，所有的腐臭都站在了光明的对面。,剧情,
51,教父2,https://img1.doubanio.com/view/photo/s_ratio_poster/public/p2194138787.jpg,美国,1974,美国,354772人评价,9.2,优雅的孤独。,剧情/犯罪,
52,窃听风暴,https://img1.doubanio.com/view/photo/s_ratio_poster/public/p1808872109.jpg,德国,2006,德国,397421人评价,9.1,别样人生。,剧情/悬疑,
53,狮子王,https://img1.doubanio.com/view/photo/s_ratio_poster/public/p2277799019.jpg,美国,1994,美国,546881人评价,9.0,动物版《哈姆雷特》。,动画/冒险/歌舞,
54,指环王2：双塔奇兵,https://img9.doubanio.com/view/photo/s_ratio_poster/public/p909265336.jpg,美国 新西兰,2002,美国 新西兰,473578人评价,9.1,承前启后的史诗篇章。,剧情/动作/奇幻/冒险,
55,大闹天宫,https://img1.doubanio.com/view/photo/s_ratio_poster/public/p2184505167.jpg,1964(中国大陆),1961(中国大陆),1964(中国大陆),257329人评价,9.3,经典之作，历久弥新。,动画/奇幻,
56,指环王1：魔戒再现,https://img3.doubanio.com/view/photo/s_ratio_poster/public/p1354436051.jpg,新西兰 美国,2001,新西兰 美国,532269人评价,9.0,传说的开始。,剧情/动作/奇幻/冒险,
57,两杆大烟枪,https://img1.doubanio.com/view/photo/s_ratio_poster/public/p792443418.jpg,英国,1998,英国,421796人评价,9.1,4个臭皮匠顶个诸葛亮，盖·里奇果然不是盖的。,剧情/喜剧/犯罪,
58,美丽心灵,https://img3.doubanio.com/view/photo/s_ratio_poster/public/p1665997400.jpg,美国,2001,美国,523363人评价,9.0,爱是一切逻辑和原由。,传记/剧情,
59,饮食男女,https://img3.doubanio.com/view/photo/s_ratio_poster/public/p1910899751.jpg,中国台湾 美国,1994,中国台湾 美国,388235人评价,9.1,人生不能像做菜，把所有的料都准备好了才下锅。,剧情/家庭,
60,飞越疯人院,https://img1.doubanio.com/view/photo/s_ratio_poster/public/p792238287.jpg,美国,1975,美国,420519人评价,9.1,自由万岁。,剧情,
61,猫鼠游戏,https://img3.doubanio.com/view/photo/s_ratio_poster/public/p453924541.jpg,美国 加拿大,2002,美国 加拿大,536205人评价,9.0,骗子大师和执著警探的你追我跑故事。 ,传记/犯罪/剧情,
62,黑客帝国,https://img1.doubanio.com/view/photo/s_ratio_poster/public/p451926968.jpg,美国 澳大利亚,1999,美国 澳大利亚,532647人评价,9.0,视觉革命。,动作/科幻,
63,V字仇杀队,https://img3.doubanio.com/view/photo/s_ratio_poster/public/p1465235231.jpg,美国 英国 德国,2005,美国 英国 德国,738637人评价,8.9,一张面具背后的理想与革命。,剧情/动作/科幻/惊悚,
64,钢琴家,https://img3.doubanio.com/view/photo/s_ratio_poster/public/p792376093.jpg,法国 德国 英国 波兰,2002,法国 德国 英国 波兰,350626人评价,9.2,音乐能化解仇恨。,剧情/传记/历史/战争/音乐,
65,本杰明·巴顿奇事,https://img3.doubanio.com/view/photo/s_ratio_poster/public/p2192535722.jpg,美国,2008,美国,683923人评价,8.9,在时间之河里感受溺水之苦。,剧情/爱情/奇幻,
66,看不见的客人,https://img9.doubanio.com/view/photo/s_ratio_poster/public/p2498971355.jpg,西班牙,2016,西班牙,794344人评价,8.8,你以为你以为的就是你以为的。,剧情/犯罪/悬疑/惊悚,
67,让子弹飞,https://img1.doubanio.com/view/photo/s_ratio_poster/public/p1512562287.jpg,中国大陆 中国香港,2010,中国大陆 中国香港,1110894人评价,8.8,你给我翻译翻译，神马叫做TMD的惊喜。,剧情/喜剧/动作/西部,
68,西西里的美丽传说,https://img1.doubanio.com/view/photo/s_ratio_poster/public/p2441988159.jpg,意大利 美国,2000,意大利 美国,670069人评价,8.9,美丽无罪。,剧情/战争/情色,
69,海豚湾,https://img1.doubanio.com/view/photo/s_ratio_poster/public/p2559579779.jpg,美国,2009,美国,278128人评价,9.3,海豚的微笑，是世界上最高明的伪装。,纪录片,
70,小鞋子,https://img9.doubanio.com/view/photo/s_ratio_poster/public/p2173580536.jpg,伊朗,1997,伊朗,272543人评价,9.2,奔跑的孩子是天使。,剧情/儿童/家庭,
71,拯救大兵瑞恩,https://img9.doubanio.com/view/photo/s_ratio_poster/public/p1014542496.jpg,美国,1998,美国,441856人评价,9.0,美利坚精神输出大片No1.,剧情/历史/战争,
72,情书,https://img1.doubanio.com/view/photo/s_ratio_poster/public/p449897379.jpg,日本,1995,日本,629411人评价,8.9,暗恋的极致。,剧情/爱情,
73,音乐之声,https://img3.doubanio.com/view/photo/s_ratio_poster/public/p2189265302.jpg,美国,1965,美国,409196人评价,9.0,用音乐化解仇恨，让歌声串起美好。,剧情/传记/爱情/歌舞,
74,穿条纹睡衣的男孩,https://img3.doubanio.com/view/photo/s_ratio_poster/public/p1473670352.jpg,英国 美国,2008,英国 美国,335137人评价,9.1,尽管有些不切实际的幻想，这部电影依旧是一部感人肺腑的佳作。,剧情/战争,
75,美国往事,https://img1.doubanio.com/view/photo/s_ratio_poster/public/p477229647.jpg,美国 意大利,1984,美国 意大利,291061人评价,9.2,往事如烟，无处祭奠。,犯罪/剧情,
76,致命魔术,https://img9.doubanio.com/view/photo/s_ratio_poster/public/p480383375.jpg,美国 英国,2006,美国 英国,584724人评价,8.9,孪生蝙蝠侠大战克隆金刚狼。,剧情/悬疑/惊悚,
77,绿皮书,https://img3.doubanio.com/view/photo/s_ratio_poster/public/p2549177902.jpg,美国,2018,美国,1019701人评价,8.9,去除成见，需要勇气。,剧情/喜剧/传记,
78,七宗罪,https://img9.doubanio.com/view/photo/s_ratio_poster/public/p457631605.jpg,美国,1995,美国,682112人评价,8.8,警察抓小偷，老鼠玩死猫。,剧情/犯罪/悬疑/惊悚,
79,低俗小说,https://img3.doubanio.com/view/photo/s_ratio_poster/public/p1910902213.jpg,美国,1994,美国,581133人评价,8.8,故事的高级讲法。,剧情/喜剧/犯罪,
80,沉默的羔羊,https://img1.doubanio.com/view/photo/s_ratio_poster/public/p1593414327.jpg,美国,1991,美国,578252人评价,8.8,安东尼·霍普金斯的顶级表演。,剧情/犯罪/惊悚,
81,海蒂和爷爷,https://img9.doubanio.com/view/photo/s_ratio_poster/public/p2554525534.jpg,德国 瑞士 南非,2015,德国 瑞士 南非,237454人评价,9.2,如果生活中有什么使你感到快乐，那就去做吧！不要管别人说什么。,剧情/冒险/家庭,
82,蝴蝶效应,https://img1.doubanio.com/view/photo/s_ratio_poster/public/p2209066019.jpg,美国 加拿大,2004,美国 加拿大,643333人评价,8.8,人的命运被自己瞬间的抉择改变。,剧情/悬疑/科幻/惊悚,
83,被嫌弃的松子的一生,https://img9.doubanio.com/view/photo/s_ratio_poster/public/p884763596.jpg,日本,2006,日本,520197人评价,8.9,以戏谑来戏谑戏谑。,剧情/歌舞,
84,春光乍泄,https://img3.doubanio.com/view/photo/s_ratio_poster/public/p465939041.jpg,中国香港 日本 韩国,1997,中国香港 日本 韩国,432825人评价,8.9,爱情纠缠，男女一致。,剧情/爱情/同性,
85,禁闭岛,https://img1.doubanio.com/view/photo/s_ratio_poster/public/p1832875827.jpg,美国,2010,美国,641266人评价,8.8,昔日翩翩少年，今日大腹便便。,剧情/悬疑/惊悚,
86,心灵捕手,https://img9.doubanio.com/view/photo/s_ratio_poster/public/p480965695.jpg,美国,1997,美国,480097人评价,8.9,人生中应该拥有这样的一段豁然开朗。,剧情,
87,布达佩斯大饭店,https://img3.doubanio.com/view/photo/s_ratio_poster/public/p2178872593.jpg,美国 德国 英国,2014,美国 德国 英国,607520人评价,8.8,小清新的故事里注入了大历史的情怀。,剧情/喜剧/冒险,
88,阿凡达,https://img1.doubanio.com/view/photo/s_ratio_poster/public/p2180085848.jpg,美国 英国,2009,美国 英国,923377人评价,8.7,绝对意义上的美轮美奂。,动作/科幻/冒险,
89,剪刀手爱德华,https://img1.doubanio.com/view/photo/s_ratio_poster/public/p480956937.jpg,美国,1990,美国,780806人评价,8.7,浪漫忧郁的成人童话。,剧情/奇幻/爱情,
90,勇敢的心,https://img3.doubanio.com/view/photo/s_ratio_poster/public/p1374546770.jpg,美国,1995,美国,434614人评价,8.9,史诗大片的典范。,动作/传记/剧情/历史/战争,
91,摩登时代,https://img1.doubanio.com/view/photo/s_ratio_poster/public/p2263408369.jpg,美国,1936,美国,189369人评价,9.3,大时代中的人生，小人物的悲喜。,剧情/喜剧/爱情,
92,天使爱美丽,https://img3.doubanio.com/view/photo/s_ratio_poster/public/p2447590313.jpg,法国 德国,2001,法国 德国,748645人评价,8.7,法式小清新。 ,喜剧/爱情,
93,加勒比海盗,https://img9.doubanio.com/view/photo/s_ratio_poster/public/p1596085504.jpg,美国,2003,美国,611724人评价,8.7,约翰尼·德普的独角戏。,动作/冒险/奇幻,
94,喜剧之王,https://img1.doubanio.com/view/photo/s_ratio_poster/public/p2579932167.jpg,中国香港,1999,中国香港,638265人评价,8.7,我是一个演员。,喜剧/剧情/爱情,
95,致命ID,https://img9.doubanio.com/view/photo/s_ratio_poster/public/p2558364386.jpg,美国,2003,美国,537312人评价,8.8,最不可能的那个人永远是最可能的。,剧情/悬疑/惊悚,
96,断背山,https://img1.doubanio.com/view/photo/s_ratio_poster/public/p513535588.jpg,美国 加拿大,2005,美国 加拿大,518913人评价,8.8,每个人心中都有一座断背山。,剧情/爱情/同性/家庭,
97,杀人回忆,https://img1.doubanio.com/view/photo/s_ratio_poster/public/p2326071698.jpg,韩国,2003,韩国,442230人评价,8.8,关于连环杀人悬案的集体回忆。,剧情/动作/犯罪/悬疑/惊悚,
98,幽灵公主,https://img9.doubanio.com/view/photo/s_ratio_poster/public/p1613191025.jpg,日本,1997,日本,381537人评价,8.9,人与自然的战争史诗。,动画/奇幻/冒险,
99,狩猎,https://img1.doubanio.com/view/photo/s_ratio_poster/public/p1546987967.jpg,丹麦 瑞典,2012,丹麦 瑞典,237948人评价,9.1,人言可畏。,剧情,
100,入殓师,https://img1.doubanio.com/view/photo/s_ratio_poster/public/p594972928.jpg,日本,2008,日本,440571人评价,8.8,死可能是一道门，逝去并不是终结，而是超越，走向下一程。,剧情,
101,阳光灿烂的日子,https://img9.doubanio.com/view/photo/s_ratio_poster/public/p2564685215.jpg,中国大陆 中国香港,1994,中国大陆 中国香港,437908人评价,8.8,一场华丽的意淫。,剧情/爱情,
102,请以你的名字呼唤我,https://img3.doubanio.com/view/photo/s_ratio_poster/public/p2505525050.jpg,意大利 法国 巴西 美国 荷兰 德国,2017,意大利 法国 巴西 美国 荷兰 德国,421592人评价,8.9,沉醉在电影的情感和视听氛围中无法自拔。,剧情/爱情/同性,
103,重庆森林,https://img3.doubanio.com/view/photo/s_ratio_poster/public/p792381411.jpg,中国香港,1994,中国香港,550413人评价,8.7,寂寞没有期限。,剧情/爱情,
104,第六感,https://img9.doubanio.com/view/photo/s_ratio_poster/public/p2220184425.jpg,美国,1999,美国,377040人评价,8.9,深入内心的恐怖，出人意料的结局。,剧情/悬疑/惊悚,
105,哈利·波特与死亡圣器(下),https://img3.doubanio.com/view/photo/s_ratio_poster/public/p917846733.jpg,美国 英国,2011,美国 英国,506399人评价,8.8,10年的完美句点。,奇幻/冒险,
106,小森林 夏秋篇,https://img3.doubanio.com/view/photo/s_ratio_poster/public/p2564498893.jpg,日本,2014,日本,282341人评价,9.0,那些静得只能听见呼吸的日子里，你明白孤独即生活。,剧情,
107,7号房的礼物,https://img9.doubanio.com/view/photo/s_ratio_poster/public/p1816276065.jpg,韩国,2013,韩国,349216人评价,8.9,《我是山姆》的《美丽人生》。,剧情/喜剧/家庭,
108,消失的爱人,https://img9.doubanio.com/view/photo/s_ratio_poster/public/p2221768894.jpg,美国,2014,美国,619783人评价,8.7,年度最佳date movie。,剧情/犯罪/悬疑/惊悚,
109,红辣椒,https://img9.doubanio.com/view/photo/s_ratio_poster/public/p672363704.jpg,日本,2006,日本,263061人评价,9.0,梦的勾结。,动画/悬疑/科幻/惊悚,
110,爱在黎明破晓前,https://img9.doubanio.com/view/photo/s_ratio_poster/public/p2555762374.jpg,美国 奥地利 瑞士,1995,美国 奥地利 瑞士,401899人评价,8.8,缘分是个连绵词，最美不过一瞬。,剧情/爱情,
111,玛丽和马克思,https://img9.doubanio.com/view/photo/s_ratio_poster/public/p2162822165.jpg,澳大利亚,2009,澳大利亚,323343人评价,8.9,你是我最好的朋友，你是我唯一的朋友 。,剧情/喜剧/动画,
112,小森林 冬春篇,https://img3.doubanio.com/view/photo/s_ratio_poster/public/p2258078370.jpg,日本,2015,日本,248452人评价,9.0,尊敬他人，尊敬你生活的这片土地，明白孤独是人生的常态。,剧情,
113,侧耳倾听,https://img3.doubanio.com/view/photo/s_ratio_poster/public/p456692072.jpg,日本,1995,日本,310773人评价,8.9,少女情怀总是诗。,剧情/爱情/动画,
114,一一,https://img3.doubanio.com/view/photo/s_ratio_poster/public/p2567845803.jpg,中国台湾 日本,2000,中国台湾 日本,241503人评价,9.0,我们都曾经是一一。,剧情/爱情/家庭,
115,告白,https://img9.doubanio.com/view/photo/s_ratio_poster/public/p689520756.jpg,日本,2010,日本,523451人评价,8.7,没有一人完全善，也没有一人完全恶。,剧情/惊悚,
116,大鱼,https://img9.doubanio.com/view/photo/s_ratio_poster/public/p692813374.jpg,美国,2003,美国,405698人评价,8.8,抱着梦想而活着的人是幸福的，怀抱梦想而死去的人是不朽的。,剧情/家庭/奇幻/冒险,
117,唐伯虎点秋香,https://img9.doubanio.com/view/photo/s_ratio_poster/public/p2357915564.jpg,中国香港,1993,中国香港,689741人评价,8.6,华太师是黄霑，吴镇宇四大才子之一。,喜剧/爱情/古装,
118,阳光姐妹淘,https://img1.doubanio.com/view/photo/s_ratio_poster/public/p1374786017.jpg,韩国,2011,韩国,441446人评价,8.8,再多各自牛逼的时光，也比不上一起傻逼的岁月。 ,剧情/喜剧,
119,蝙蝠侠：黑暗骑士崛起,https://img9.doubanio.com/view/photo/s_ratio_poster/public/p1706428744.jpg,美国 英国,2012,美国 英国,493742人评价,8.8,诺兰就是保证。,剧情/动作/科幻/犯罪/惊悚,
120,射雕英雄传之东成西就,https://img1.doubanio.com/view/photo/s_ratio_poster/public/p2535922598.jpg,中国香港,1993,中国香港,451806人评价,8.7,百看不厌。 ,喜剧/奇幻/武侠/古装,
121,倩女幽魂,https://img9.doubanio.com/view/photo/s_ratio_poster/public/p2414157745.jpg,中国香港,1987,中国香港,488589人评价,8.7,两张绝世的脸。 ,爱情/奇幻/武侠/古装,
122,超脱,https://img3.doubanio.com/view/photo/s_ratio_poster/public/p1305562621.jpg,美国,2011,美国,312267人评价,8.9,穷尽一生，我们要学会的，不过是彼此拥抱。,剧情,
123,甜蜜蜜,https://img9.doubanio.com/view/photo/s_ratio_poster/public/p2223011274.jpg,中国香港,1996,中国香港,355401人评价,8.8,相逢只要一瞬间，等待却像是一辈子。,剧情/爱情,
124,驯龙高手,https://img9.doubanio.com/view/photo/s_ratio_poster/public/p2210954024.jpg,美国,2010,美国,524597人评价,8.7,和谐的生活离不开摸头与被摸头。,动画/奇幻/冒险,
125,萤火之森,https://img3.doubanio.com/view/photo/s_ratio_poster/public/p1675053073.jpg,日本,2011,日本,332647人评价,8.9,触不到的恋人。,剧情/爱情/动画/奇幻,
126,恐怖直播,https://img9.doubanio.com/view/photo/s_ratio_poster/public/p2016930906.jpg,韩国,2013,韩国,428794人评价,8.8,恐怖分子的“秋菊打官司”。,剧情/犯罪/悬疑,
127,幸福终点站,https://img1.doubanio.com/view/photo/s_ratio_poster/public/p854757687.jpg,美国,2004,美国,370817人评价,8.8,有时候幸福需要等一等。 ,喜剧/剧情/爱情,
128,超能陆战队,https://img1.doubanio.com/view/photo/s_ratio_poster/public/p2224568669.jpg,美国,2014,美国,677298人评价,8.7,Balalala~~~,喜剧/动作/科幻/动画/冒险,
129,菊次郎的夏天,https://img9.doubanio.com/view/photo/s_ratio_poster/public/p751835224.jpg,日本,1999,日本,348292人评价,8.8,从没见过那么流氓的温柔，从没见过那么温柔的流氓。,剧情/喜剧,
130,无人知晓,https://img3.doubanio.com/view/photo/s_ratio_poster/public/p661160053.jpg,日本,2004,日本,179828人评价,9.1,我的平常生活就是他人的幸福。,剧情,
131,爱在日落黄昏时,https://img3.doubanio.com/view/photo/s_ratio_poster/public/p1910924221.jpg,美国 法国,2004,美国 法国,343249人评价,8.8,九年后的重逢是世俗和责任的交叠，没了悸动和青涩，沧桑而温暖。,剧情/爱情,
132,借东西的小人阿莉埃蒂,https://img9.doubanio.com/view/photo/s_ratio_poster/public/p617533616.jpg,日本,2010,日本,369022人评价,8.8,曾经的那段美好会沉淀为一辈子的记忆。,动画/奇幻/冒险,
133,神偷奶爸,https://img1.doubanio.com/view/photo/s_ratio_poster/public/p792776858.jpg,美国 法国,2010,美国 法国,678930人评价,8.6,Mr. I Don't Care其实也有Care的时候。,喜剧/动画/冒险,
134,怪兽电力公司,https://img1.doubanio.com/view/photo/s_ratio_poster/public/p2513247938.jpg,美国,2001,美国,440831人评价,8.7,不要给它起名字，起了名字就有感情了。,儿童/喜剧/动画/奇幻/冒险,
135,完美的世界,https://img3.doubanio.com/view/photo/s_ratio_poster/public/p792403691.jpg,美国,1993,美国,167843人评价,9.1,坏人的好总是比好人的好来得更感人。,剧情/犯罪,
136,玩具总动员3,https://img1.doubanio.com/view/photo/s_ratio_poster/public/p1283675359.jpg,美国,2010,美国,342185人评价,8.8,跨度十五年的欢乐与泪水。,喜剧/动画/奇幻/冒险,
137,风之谷,https://img3.doubanio.com/view/photo/s_ratio_poster/public/p1917567652.jpg,日本,1984,日本,273787人评价,8.9,动画片的圣经。,动画/奇幻/冒险,
138,血战钢锯岭,https://img1.doubanio.com/view/photo/s_ratio_poster/public/p2398141939.jpg,美国 澳大利亚,2016,美国 澳大利亚,559502人评价,8.7,优秀的战争片不会美化战场，不会粉饰死亡，不会矮化敌人，不会无视常识，最重要的，不会宣扬战争。,剧情/传记/历史/战争,
139,上帝之城,https://img3.doubanio.com/view/photo/s_ratio_poster/public/p455677490.jpg,巴西 法国,2002,巴西 法国,223957人评价,8.9,被上帝抛弃了的上帝之城。,犯罪/剧情,
140,傲慢与偏见,https://img9.doubanio.com/view/photo/s_ratio_poster/public/p452005185.jpg,法国 英国 美国,2005,法国 英国 美国,519062人评价,8.6,爱是摈弃傲慢与偏见之后的曙光。,剧情/爱情,
141,时空恋旅人,https://img9.doubanio.com/view/photo/s_ratio_poster/public/p2070153774.jpg,英国,2013,英国,373926人评价,8.7,把每天当作最后一天般珍惜度过，积极拥抱生活，就是幸福。,喜剧/爱情/奇幻,
142,电锯惊魂,https://img9.doubanio.com/view/photo/s_ratio_poster/public/p2565332644.jpg,美国,2004,美国,344049人评价,8.7,真相就在眼前。,悬疑/惊悚/恐怖,
143,功夫,https://img1.doubanio.com/view/photo/s_ratio_poster/public/p2219011938.jpg,中国大陆 中国香港,2004,中国大陆 中国香港,632545人评价,8.5,警恶惩奸，维护世界和平这个任务就交给你了，好吗？,动作/喜剧/犯罪/奇幻,
144,教父3,https://img3.doubanio.com/view/photo/s_ratio_poster/public/p2169664351.jpg,美国,1990,美国,235661人评价,8.9,任何信念的力量，都无法改变命运。,剧情/犯罪,
145,喜宴,https://img9.doubanio.com/view/photo/s_ratio_poster/public/p2173713676.jpg,中国台湾 美国,1993,中国台湾 美国,231929人评价,8.9,中国家庭的喜怒哀乐忍。,剧情/喜剧/爱情/同性/家庭,
146,谍影重重3,https://img1.doubanio.com/view/photo/s_ratio_poster/public/p792223507.jpg,美国 德国,2007,美国 德国,298900人评价,8.8,像吃了苏打饼一样干脆的电影。,动作/悬疑/惊悚,
147,英雄本色,https://img1.doubanio.com/view/photo/s_ratio_poster/public/p2504997087.jpg,中国香港,1986,中国香港,340901人评价,8.7,英雄泪短，兄弟情长。 ,剧情/动作/犯罪,
148,岁月神偷,https://img3.doubanio.com/view/photo/s_ratio_poster/public/p456666151.jpg,中国香港 中国大陆,2010,中国香港 中国大陆,444614人评价,8.7,岁月流逝，来日可追。,剧情/家庭,
149,被解救的姜戈,https://img1.doubanio.com/view/photo/s_ratio_poster/public/p1959232369.jpg,美国,2012,美国,423270人评价,8.7,热血沸腾，那个低俗、性感的无耻混蛋又来了。,剧情/动作/西部/冒险,
150,七武士,https://img9.doubanio.com/view/photo/s_ratio_poster/public/p2215886505.jpg,日本,1954,日本,128658人评价,9.2,时代悲歌。,动作/冒险/剧情,
151,天书奇谭,https://img1.doubanio.com/view/photo/s_ratio_poster/public/p2515539487.jpg,中国大陆,1983(中国大陆),中国大陆,135120人评价,9.2,传奇的年代，醉人的童话。,动画/奇幻,
152,哪吒闹海,https://img9.doubanio.com/view/photo/s_ratio_poster/public/p2532803206.jpg,中国大陆,1979,中国大陆,166447人评价,9.1,想你时你在闹海。,冒险/动画/奇幻,
153,疯狂原始人,https://img1.doubanio.com/view/photo/s_ratio_poster/public/p1867084027.jpg,美国,2013,美国,600779人评价,8.7,老少皆宜，这就是好莱坞动画的魅力。,喜剧/动画/冒险,
154,人生果实,https://img3.doubanio.com/view/photo/s_ratio_poster/public/p2544912792.jpg,日本,2017,日本,82146人评价,9.5,土壤没有落叶不会肥沃，没有了你就不算人生。,纪录片,
155,我是山姆,https://img9.doubanio.com/view/photo/s_ratio_poster/public/p652417775.jpg,美国,2001,美国,202381人评价,8.9,爱并不需要智商 。,剧情/家庭,
156,心迷宫,https://img9.doubanio.com/view/photo/s_ratio_poster/public/p2276780256.jpg,中国大陆,2014,中国大陆,335179人评价,8.7,荒诞讽刺，千奇百巧，抽丝剥茧，百转千回。,剧情/犯罪/悬疑,
157,纵横四海,https://img9.doubanio.com/view/photo/s_ratio_poster/public/p2272146906.jpg,中国香港,1991,中国香港,276102人评价,8.8,香港浪漫主义警匪动作片的巅峰之作。,剧情/喜剧/动作/犯罪,
158,三块广告牌,https://img1.doubanio.com/view/photo/s_ratio_poster/public/p2510081688.jpg,美国 英国,2017,美国 英国,586698人评价,8.7,怼天怼地，你走后，她与世界为敌。,剧情/犯罪,
159,萤火虫之墓,https://img1.doubanio.com/view/photo/s_ratio_poster/public/p1157334208.jpg,日本,1988,日本,311338人评价,8.7,幸福是生生不息，却难以触及的远。 ,动画/剧情/战争,
160,真爱至上,https://img3.doubanio.com/view/photo/s_ratio_poster/public/p475600770.jpg,英国 美国 法国,2003,英国 美国 法国,507326人评价,8.6,爱，是个动词。,喜剧/剧情/爱情,
161,头号玩家,https://img1.doubanio.com/view/photo/s_ratio_poster/public/p2516578307.jpg,美国,2018,美国,980135人评价,8.7,写给影迷，动漫迷和游戏迷的一封情书。,动作/科幻/冒险,
162,达拉斯买家俱乐部,https://img1.doubanio.com/view/photo/s_ratio_poster/public/p2166160837.jpg,美国,2013,美国,312434人评价,8.8,Jared Leto的腿比女人还美！,剧情/传记/同性,
163,荒蛮故事,https://img9.doubanio.com/view/photo/s_ratio_poster/public/p2231250054.jpg,阿根廷 西班牙,2014,阿根廷 西班牙,282832人评价,8.8,始于荒诞，止于更荒诞。,剧情/喜剧/犯罪,
164,东邪西毒,https://img3.doubanio.com/view/photo/s_ratio_poster/public/p1982176012.jpg,中国香港 中国台湾,1994,中国香港 中国台湾,420617人评价,8.6,电影诗。,剧情/动作/爱情/武侠/古装,
165,爆裂鼓手,https://img3.doubanio.com/view/photo/s_ratio_poster/public/p2220776342.jpg,美国,2014,美国,382868人评价,8.7,这个世界从不善待努力的人，努力了也不一定会成功，但是知道自己在努力，就是活下去的动力。,剧情/音乐,
166,记忆碎片,https://img3.doubanio.com/view/photo/s_ratio_poster/public/p641688453.jpg,美国,2000,美国,427382人评价,8.6,一个针管引发的血案。,犯罪/剧情/悬疑/惊悚,
167,贫民窟的百万富翁,https://img3.doubanio.com/view/photo/s_ratio_poster/public/p2434249040.jpg,英国 美国,2008,英国 美国,554422人评价,8.6,上帝之城+猜火车+阿甘正传+开心辞典=山寨富翁,剧情/爱情,
168,釜山行,https://img1.doubanio.com/view/photo/s_ratio_poster/public/p2360940399.jpg,韩国,2016,韩国,760389人评价,8.5,揭露人性的丧尸题材力作。,动作/惊悚/灾难,
169,黑天鹅,https://img9.doubanio.com/view/photo/s_ratio_poster/public/p2549648344.jpg,美国,2010,美国,618821人评价,8.6,黑暗之美。,剧情/惊悚,
170,花样年华,https://img9.doubanio.com/view/photo/s_ratio_poster/public/p1910828286.jpg,中国香港,2000,中国香港,391785人评价,8.6,偷情本没有这样美。,剧情/爱情,
171,你的名字。,https://img1.doubanio.com/view/photo/s_ratio_poster/public/p2395733377.jpg,日本,2016,日本,939880人评价,8.4,穿越错位的时空，仰望陨落的星辰，你没留下你的名字，我却无法忘记那句“我爱你”。,剧情/爱情/动画,
172,卢旺达饭店,https://img3.doubanio.com/view/photo/s_ratio_poster/public/p470419493.jpg,英国 南非 意大利,2004,英国 南非 意大利,197912人评价,8.9,当这个世界闭上双眼，他却敞开了怀抱。,剧情/历史/战争,
173,忠犬八公物语,https://img3.doubanio.com/view/photo/s_ratio_poster/public/p1576418852.jpg,日本,1987,日本,125494人评价,9.2,养狗三日，便会对你终其一生。,剧情,
174,头脑特工队,https://img9.doubanio.com/view/photo/s_ratio_poster/public/p2266293606.jpg,美国,2015,美国,403315人评价,8.7,愿我们都不用长大，每一座城堡都能永远存在。,喜剧/动画/冒险,
175,模仿游戏,https://img3.doubanio.com/view/photo/s_ratio_poster/public/p2255040492.jpg,英国 美国,2014,英国 美国,417672人评价,8.7,他给机器起名“克里斯托弗”，因为这是他初恋的名字。,剧情/传记/战争/同性,
176,黑客帝国3：矩阵革命,https://img1.doubanio.com/view/photo/s_ratio_poster/public/p443461818.jpg,美国 澳大利亚,2003,美国 澳大利亚,283786人评价,8.7,不得不说，《黑客帝国》系列是商业片与科幻、哲学完美结合的典范。,动作/科幻,
177,一个叫欧维的男人决定去死,https://img3.doubanio.com/view/photo/s_ratio_poster/public/p2406624993.jpg,瑞典,2015,瑞典,247026人评价,8.8,惠及一生的美丽。,剧情,
178,雨人,https://img3.doubanio.com/view/photo/s_ratio_poster/public/p942376281.jpg,美国,1988,美国,300994人评价,8.7,生活在自己的世界里，也可以让周围的人显得可笑和渺小。,剧情,
179,你看起来好像很好吃,https://img3.doubanio.com/view/photo/s_ratio_poster/public/p709670262.jpg,日本,2010,日本,238568人评价,8.9,感情不分食草或者食肉。,剧情/动画/儿童,
180,哈利·波特与阿兹卡班的囚徒,https://img1.doubanio.com/view/photo/s_ratio_poster/public/p1910812549.jpg,英国 美国,2004,英国 美国,367415人评价,8.6,不一样的导演，不一样的哈利·波特。,奇幻/冒险,
181,无敌破坏王,https://img9.doubanio.com/view/photo/s_ratio_poster/public/p1735642656.jpg,美国,2012,美国,366982人评价,8.7,迪士尼和皮克斯拿错剧本的产物。,喜剧/动画/奇幻/冒险,
182,未麻的部屋,https://img3.doubanio.com/view/photo/s_ratio_poster/public/p1351050722.jpg,日本,1997,日本,179453人评价,8.9,好的剧本是，就算你猜到了结局也猜不到全部。,动画/奇幻/惊悚,
183,恋恋笔记本,https://img9.doubanio.com/view/photo/s_ratio_poster/public/p483604864.jpg,美国,2004,美国,455291人评价,8.5,爱情没有那么多借口，如果不能圆满，只能说明爱的不够。 ,剧情/爱情,
184,冰川时代,https://img1.doubanio.com/view/photo/s_ratio_poster/public/p1910895719.jpg,美国,2002,美国,441666人评价,8.6,松鼠才是角儿。,喜剧/动画/冒险,
185,哈利·波特与密室,https://img3.doubanio.com/view/photo/s_ratio_poster/public/p1082651990.jpg,美国 英国 德国,2002,美国 英国 德国,386371人评价,8.6,魔法的密室之门已打开...,奇幻/冒险,
186,海街日记,https://img1.doubanio.com/view/photo/s_ratio_poster/public/p2232247487.jpg,日本,2015,日本,265784人评价,8.8,是枝裕和的家庭习作。,剧情/家庭,
187,新世界,https://img1.doubanio.com/view/photo/s_ratio_poster/public/p1903379979.jpg,韩国,2013,韩国,216478人评价,8.8,要做就做得狠一点，这样才能活下去。,剧情/犯罪,
188,海边的曼彻斯特,https://img9.doubanio.com/view/photo/s_ratio_poster/public/p2421855655.jpg,美国,2016,美国,342219人评价,8.6,我们都有权利不与自己的过去和解。,剧情/家庭,
189,二十二,https://img1.doubanio.com/view/photo/s_ratio_poster/public/p2457609817.jpg,中国大陆,2015,中国大陆,205588人评价,8.7,有一些东西不应该被遗忘。,纪录片,
190,虎口脱险,https://img3.doubanio.com/view/photo/s_ratio_poster/public/p2399597512.jpg,法国 英国,1966,法国 英国,163801人评价,8.9,永远看不腻的喜剧。,喜剧/战争,
191,房间,https://img9.doubanio.com/view/photo/s_ratio_poster/public/p2259715855.jpg,爱尔兰 加拿大 英国 美国,2015,爱尔兰 加拿大 英国 美国,274472人评价,8.8,被偷走的岁月，被伤害的生命，被禁锢的灵魂，终将被希望和善意救赎。,剧情/家庭,
192,恐怖游轮,https://img9.doubanio.com/view/photo/s_ratio_poster/public/p462470694.jpg,英国 澳大利亚,2009,英国 澳大利亚,544887人评价,8.5,不要企图在重复中寻找已经失去的爱。,剧情/悬疑/惊悚,
193,雨中曲,https://img9.doubanio.com/view/photo/s_ratio_poster/public/p1612355875.jpg,美国,1952,美国,143195人评价,9.0,骨灰级歌舞片。,喜剧/歌舞/爱情,
194,人工智能,https://img1.doubanio.com/view/photo/s_ratio_poster/public/p792257137.jpg,美国,2001,美国,303776人评价,8.6,对爱的执着，可以超越一切。,冒险/剧情/科幻,
195,魔女宅急便,https://img3.doubanio.com/view/photo/s_ratio_poster/public/p456676352.jpg,日本,1989,日本,323757人评价,8.6,宫崎骏的电影总让人感觉世界是美好的，阳光明媚的。,动画/奇幻/冒险,
196,惊魂记,https://img9.doubanio.com/view/photo/s_ratio_poster/public/p1021883305.jpg,美国,1960,美国,156267人评价,9.0,故事的反转与反转，分裂电影的始祖。,悬疑/惊悚/恐怖,
197,奇迹男孩,https://img1.doubanio.com/view/photo/s_ratio_poster/public/p2507709428.jpg,美国 中国香港,2017,美国 中国香港,399259人评价,8.6,世界不完美，爱会有奇迹。,剧情/儿童/家庭,
198,疯狂的石头,https://img3.doubanio.com/view/photo/s_ratio_poster/public/p712241453.jpg,中国大陆 中国香港,2006,中国大陆 中国香港,551315人评价,8.4,中国版《两杆大烟枪》。,喜剧/犯罪,
199,海洋,https://img9.doubanio.com/view/photo/s_ratio_poster/public/p2559581324.jpg,法国 瑞士 西班牙 美国 阿联酋,2009,法国 瑞士 西班牙 美国 阿联酋,127307人评价,9.1,大海啊，不全是水。,纪录片,
200,罗生门,https://img1.doubanio.com/view/photo/s_ratio_poster/public/p2564689879.jpg,日本,1950,日本,210309人评价,8.8,人生的N种可能性。,剧情/犯罪/悬疑,
201,终结者2：审判日,https://img9.doubanio.com/view/photo/s_ratio_poster/public/p1910909085.jpg,美国 法国,1991,美国 法国,243429人评价,8.7,少见的超越首部的续集，动作片中的经典。,动作/科幻,
202,燃情岁月,https://img1.doubanio.com/view/photo/s_ratio_poster/public/p1023654037.jpg,美国,1994,美国,208980人评价,8.8,传奇，不是每个人都可以拥有。,剧情/爱情/战争/西部,
203,爱在午夜降临前,https://img1.doubanio.com/view/photo/s_ratio_poster/public/p2074715729.jpg,美国 希腊,2013,美国 希腊,214165人评价,8.8,所谓爱情，就是话唠一路，都不会心生腻烦，彼此嫌弃。,剧情/爱情,
204,魂断蓝桥,https://img1.doubanio.com/view/photo/s_ratio_poster/public/p2351134499.jpg,美国,1940,美国,191735人评价,8.8,中国式内在的美国电影。,剧情/爱情/战争,
205,初恋这件小事,https://img1.doubanio.com/view/photo/s_ratio_poster/public/p767451487.jpg,泰国,2010,泰国,738280人评价,8.4,黑小鸭速效美白记。,剧情/喜剧/爱情,
206,穿越时空的少女,https://img9.doubanio.com/view/photo/s_ratio_poster/public/p2079334286.jpg,日本,2006,日本,286607人评价,8.6,爱上未来的你。 ,剧情/爱情/科幻/动画,
207,小偷家族,https://img9.doubanio.com/view/photo/s_ratio_poster/public/p2530599636.jpg,日本,2018,日本,559715人评价,8.7,我们组成了家。,剧情/犯罪/家庭,
208,可可西里,https://img3.doubanio.com/view/photo/s_ratio_poster/public/p2414771522.jpg,中国大陆 中国香港,2004,中国大陆 中国香港,201806人评价,8.8,坚硬的信仰。,剧情/犯罪,
209,绿里奇迹,https://img3.doubanio.com/view/photo/s_ratio_poster/public/p767586451.jpg,美国,1999,美国,183267人评价,8.8,天使暂时离开。,犯罪/剧情/奇幻/悬疑,
210,2001太空漫游,https://img9.doubanio.com/view/photo/s_ratio_poster/public/p2560717825.jpg,英国 美国,1968,英国 美国,191264人评价,8.8,现代科幻电影的开山之作，最伟大导演的最伟大影片。,科幻/惊悚/冒险,
211,完美陌生人,https://img9.doubanio.com/view/photo/s_ratio_poster/public/p2522331945.jpg,意大利,2016,意大利,388969人评价,8.5,来啊，互相伤害啊！,剧情/喜剧,
212,牯岭街少年杀人事件,https://img9.doubanio.com/view/photo/s_ratio_poster/public/p848381236.jpg,中国台湾,1991,中国台湾,176465人评价,8.8,弱者送给弱者的一刀。,剧情/犯罪,
213,无耻混蛋,https://img1.doubanio.com/view/photo/s_ratio_poster/public/p2575043939.jpg,德国 美国,2009,德国 美国,342731人评价,8.6,昆汀同学越来越变态了，比北野武还杜琪峰。,剧情/犯罪,
214,阿飞正传,https://img3.doubanio.com/view/photo/s_ratio_poster/public/p2525770523.jpg,中国香港,1990,中国香港,344073人评价,8.5,王家卫是一种风格，张国荣是一个代表。,犯罪/剧情/爱情,
215,新龙门客栈,https://img1.doubanio.com/view/photo/s_ratio_poster/public/p1421018669.jpg,中国香港 中国大陆,1992,中国香港 中国大陆,306530人评价,8.6,嬉笑怒骂，调风动月。,动作/爱情/武侠/古装,
216,香水,https://img9.doubanio.com/view/photo/s_ratio_poster/public/p2441127736.jpg,德国 法国 西班牙 美国,2006,德国 法国 西班牙 美国,408627人评价,8.5,一个单凭体香达到高潮的男人。,剧情/犯罪/奇幻,
217,源代码,https://img9.doubanio.com/view/photo/s_ratio_poster/public/p988260245.jpg,美国 加拿大,2011,美国 加拿大,588419人评价,8.4,邓肯·琼斯继《月球》之后再度奉献出一部精彩绝伦的科幻佳作。,科幻/悬疑/惊悚,
218,城市之光,https://img1.doubanio.com/view/photo/s_ratio_poster/public/p2170238828.jpg,美国,1931,美国,83710人评价,9.3,永远的小人物，伟大的卓别林。,喜剧/剧情/爱情,
219,谍影重重2,https://img9.doubanio.com/view/photo/s_ratio_poster/public/p667644866.jpg,美国 德国,2004,美国 德国,252614人评价,8.6,谁说王家卫镜头很晃？,动作/悬疑/惊悚,
220,谍影重重,https://img3.doubanio.com/view/photo/s_ratio_poster/public/p1597183981.jpg,美国 德国 捷克,2002,美国 德国 捷克,302001人评价,8.6,哗啦啦啦啦，天在下雨，哗啦啦啦啦，云在哭泣……找自己。,动作/悬疑/惊悚,
221,青蛇,https://img9.doubanio.com/view/photo/s_ratio_poster/public/p584021784.jpg,中国香港,1993,中国香港,352762人评价,8.5,人生如此，浮生如斯。谁人言，花彼岸，此生情长意短。谁都是不懂爱的罢了。,剧情/爱情/奇幻/古装,
222,猜火车,https://img1.doubanio.com/view/photo/s_ratio_poster/public/p513567548.jpg,英国,1996,英国,332961人评价,8.5,不可猜的青春迷笛。 ,剧情/犯罪,
223,战争之王,https://img3.doubanio.com/view/photo/s_ratio_poster/public/p792282381.jpg,美国 法国,2005,美国 法国,254734人评价,8.6,做一颗让别人需要你的棋子。,剧情/犯罪,
224,地球上的星星,https://img9.doubanio.com/view/photo/s_ratio_poster/public/p1973489335.jpg,印度,2007,印度,143775人评价,8.9,天使保护事件始末。,剧情/儿童/家庭,
225,血钻,https://img3.doubanio.com/view/photo/s_ratio_poster/public/p1244017073.jpg,美国 德国,2006,美国 德国,243167人评价,8.6,每个美丽事物背后都是滴血的现实。,剧情/惊悚/冒险,
226,朗读者,https://img1.doubanio.com/view/photo/s_ratio_poster/public/p1140984198.jpg,美国 德国,2008,美国 德国,362524人评价,8.6,当爱情跨越年龄的界限，它似乎能变得更久远一点，成为一种责任，一种水到渠成的相濡以沫。 ,剧情/爱情,
227,浪潮,https://img3.doubanio.com/view/photo/s_ratio_poster/public/p1344888983.jpg,德国,2008,德国,197195人评价,8.7,世界离独裁只有五天。,剧情/惊悚,
228,色，戒,https://img9.doubanio.com/view/photo/s_ratio_poster/public/p453716305.jpg,中国台湾 中国大陆 美国 中国香港,2007,中国台湾 中国大陆 美国 中国香港,459900人评价,8.4,假戏真情，爱欲深海,剧情/爱情/情色,
229,遗愿清单,https://img9.doubanio.com/view/photo/s_ratio_poster/public/p708613284.jpg,美国,2007,美国,250024人评价,8.6,用剩余不多的时间，去燃烧整个生命。,冒险/喜剧/剧情,
230,步履不停,https://img3.doubanio.com/view/photo/s_ratio_poster/public/p2561539680.jpg,日本,2008,日本,172213人评价,8.8,日本的家庭电影已经是世界巅峰了，步履不停是巅峰中的佳作。,剧情/家庭,
231,彗星来的那一夜,https://img9.doubanio.com/view/photo/s_ratio_poster/public/p2187896734.jpg,美国 英国,2013,美国 英国,343217人评价,8.5,小成本大魅力。,科幻/悬疑/惊悚,
232,大佛普拉斯,https://img3.doubanio.com/view/photo/s_ratio_poster/public/p2505928032.jpg,中国台湾,2017,中国台湾,256526人评价,8.7,人们可以登上月球，却永远无法探索人们内心的宇宙。,剧情/喜剧/犯罪,
233,疯狂的麦克斯4：狂暴之路,https://img3.doubanio.com/view/photo/s_ratio_poster/public/p2236181653.jpg,澳大利亚 美国,2015,澳大利亚 美国,354745人评价,8.6,“多么美好的一天！”轰轰轰砰咚，啪哒哒哒轰隆隆，磅~,动作/科幻/冒险,
234,小萝莉的猴神大叔,https://img9.doubanio.com/view/photo/s_ratio_poster/public/p2510956726.jpg,印度,2015,印度,338925人评价,8.4,宝莱坞的萝莉与大叔。,剧情/喜剧/动作,
235,再次出发之纽约遇见你,https://img3.doubanio.com/view/photo/s_ratio_poster/public/p2250287733.jpg,美国,2013,美国,290445人评价,8.5,爱我就给我看你的播放列表。,喜剧/爱情/音乐,
236,聚焦,https://img1.doubanio.com/view/photo/s_ratio_poster/public/p2263822658.jpg,美国,2015,美国,201977人评价,8.8,新闻人的理性求真。,剧情/传记,
237,驴得水,https://img3.doubanio.com/view/photo/s_ratio_poster/public/p2393044761.jpg,中国大陆,2016,中国大陆,634753人评价,8.3,过去的如果就让它过去了，未来只会越来越糟！,剧情/喜剧,
238,追随,https://img3.doubanio.com/view/photo/s_ratio_poster/public/p2561545031.jpg,英国,1998,英国,126787人评价,8.9,诺兰的牛逼来源于内心散发出的恐惧。,犯罪/悬疑/惊悚,
239,东京物语,https://img9.doubanio.com/view/photo/s_ratio_poster/public/p1925331564.jpg,日本,1953,日本,87161人评价,9.2,东京那么大，如果有一天走失了，恐怕一辈子不能再相见。,剧情/家庭,
240,一次别离,https://img9.doubanio.com/view/photo/s_ratio_poster/public/p2189835254.jpg,伊朗 法国,2011,伊朗 法国,190859人评价,8.7,只有有信仰的人才能说出事实真相。,剧情/家庭,
241,黑鹰坠落,https://img3.doubanio.com/view/photo/s_ratio_poster/public/p1910900710.jpg,美国,2001,美国,201662人评价,8.7,还原真实而残酷的战争。,动作/历史/战争,
242,千钧一发,https://img9.doubanio.com/view/photo/s_ratio_poster/public/p2195672555.jpg,美国,1997,美国,164015人评价,8.8,一部能引人思考的科幻励志片。,剧情/科幻/惊悚,
243,我爱你,https://img1.doubanio.com/view/photo/s_ratio_poster/public/p1075591188.jpg,韩国,2011,韩国,104230人评价,9.0,你要相信，这世上真的有爱存在，不管在什么年纪 ,剧情/爱情,
244,发条橙,https://img9.doubanio.com/view/photo/s_ratio_poster/public/p529908155.jpg,英国 美国,1971,英国 美国,272745人评价,8.5,我完全康复了。,犯罪/剧情/科幻,
245,四个春天,https://img1.doubanio.com/view/photo/s_ratio_poster/public/p2540578887.jpg,中国大陆,2017,中国大陆,112373人评价,8.9,来也匆匆去也匆匆，就这样风雨兼程。,纪录片/家庭,
246,网络谜踪,https://img1.doubanio.com/view/photo/s_ratio_poster/public/p2542848758.jpg,美国 俄罗斯,2018,美国 俄罗斯,365611人评价,8.6,,剧情/犯罪/悬疑/惊悚,
247,E.T. 外星人,https://img3.doubanio.com/view/photo/s_ratio_poster/public/p984732992.jpg,美国,1982,美国,249484人评价,8.6,生病的E.T.皮肤的颜色就像柿子饼。,剧情/科幻,
248,撞车,https://img3.doubanio.com/view/photo/s_ratio_poster/public/p2075132390.jpg,美国 德国,2004,美国 德国,244577人评价,8.6,天使与魔鬼的冲撞。,犯罪/剧情,
249,变脸,https://img3.doubanio.com/view/photo/s_ratio_poster/public/p2173855883.jpg,美国,1997,美国,310446人评价,8.5,当发哥的风衣、墨镜出现在了凯奇身上⋯⋯,动作/科幻/犯罪/惊悚,
250,九品芝麻官,https://img3.doubanio.com/view/photo/s_ratio_poster/public/p648370300.jpg,中国香港,1994,中国香港,347919人评价,8.4,,喜剧/古装,
